"Reference","Qty","Value","DNP","Exclude from BOM","Exclude from Board","Footprint","Datasheet","Mouser Part Number"
"R57,R72","2","0","","","","Resistor_SMD:R_0603_1608Metric","https://www.mouser.com/catalog/specsheets/kamaya_watc-s-a0000242430-1.pdf","791-WR06X000PTR"
"C134,C136","2","27pF","","","","Capacitor_SMD:C_0402_1005Metric","https://www.mouser.es/datasheet/3/508/1/KEM_C1026_C0G_COTS_SMD.pdf","80-C0402T270J3GACTU"
"C121,C122","2","33pF","","","","Capacitor_SMD:C_0402_1005Metric","https://www.mouser.es/datasheet/3/5926/1/General-Purpose-Capacitors.pdf","581-0402NPO330JT2AT"
"C68,C70,C72,C74,C76,C77,C80,C81,C135","9","10nF","","","","Capacitor_SMD:C_0402_1005Metric","https://www.vishay.com/doc?45199","77-VJ0402Y103JXXAC"
"C2","1","15nF","","","","Capacitor_SMD:C_0402_1005Metric","https://www.vishay.com/doc?28548","77-VJ0402Y153JXJCBC"
"C69,C71,C73,C75,C78,C79,C82,C83","8","22nF","","","","Capacitor_SMD:C_0402_1005Metric","https://datasheets.kyocera-avx.com/KGM_X7R.pdf","581-04023C223JAT2A"
"C4,C10,C15,C21,C30,C32,C34,C36,C38,C39,C41,C42,C49,C51,C53,C55,C57,C58,C60,C61,C64,C65,C84,C85,C88,C89,C90,C91,C92,C93,C94,C95,C96,C97,C98,C100,C101,C102,C103,C104,C105,C106,C107,C108,C109,C110,C111,C112,C113,C115,C116,C117,C118,C123,C124,C125,C126,C127,C128,C129,C130,C131,C132,C133,C137,C139,C141,C142,C143,C144,C145,C146,C147,C148,C149,C150,C151,C152,C153","79","0.1µF","","","","Capacitor_SMD:C_0402_1005Metric","https://datasheets.kyocera-avx.com/KGM_X7R.pdf","581-0402YC104JAT4A"
"C18,C23,C40,C59","4","1µF","","","","Capacitor_SMD:C_0603_1608Metric","https://datasheets.kyocera-avx.com/KGM_X7R.pdf","581-KGM15BR71A105JT"
"C138,C140,C154","3","4.7µF","","","","Capacitor_Tantalum_SMD:CP_EIA-3216-12_Kemet-S","https://www.mouser.es/datasheet/3/72/1/KEM_T2005_T491.pdf","71-293D475X5010A2TE3"
"C5,C6,C7,C11,C12,C13,C14,C19,C20,C24,C31,C33,C35,C37,C43,C44,C50,C52,C54,C56,C62,C63,C66,C67,C86,C87,C99,C114,C119,C120","30","10µF","","","","Capacitor_SMD:C_0603_1608Metric","https://www.mouser.es/datasheet/3/72/1/KEM_C1022_C0G_AUTO_SMD.pdf","80-C0603C106J3RACTU"
"C1","1","22uF","","","","Capacitor_SMD:C_0805_2012Metric","https://www.passivecomponent.com/wp-content/uploads/datasheet/WTC_MLCC_General_Purpose.pdf","791-1206X226J6R3CT"
"C8,C9,C16,C17,C22,C25","6","22uF","","","","Capacitor_Tantalum_SMD:CP_EIA-3528-21_Kemet-B","https://www.mouser.com/catalog/specsheets/KYOCERA_FINAL%20Catalog%20Datasheet.pdf","581-TBJB226J006CS700 "
"C3","1","47µF","","","","Capacitor_SMD:C_1206_3216Metric","https://www.mouser.es/datasheet/3/76/2/GGM32ED70J476KE02_01.pdf","GGM32ED70J476KE02L"
"R8,R9,R10,R11,R16,R17,R18,R19","8","100","","","","Resistor_SMD:R_0603_1608Metric","https://www.vishay.com/doc?20047","71-RCG0603100RJNEA"
"R66,R69","2","200","","","","Resistor_SMD:R_0603_1608Metric","https://www.royalohm.com/assets/pdf/products/smd/10.pdf","303-CQ03WAJ0201T5E"
"R3","1","240Ω","","","","Resistor_SMD:R_0603_1608Metric","https://www.mouser.es/datasheet/3/508/1/PYu-AR_51_RoHS_L_7.pdf","603-AR0603JR-07240RL"
"C26,C27,C28,C29,C45,C46,C47,C48","8","800fF","","","","Capacitor_SMD:C_0402_1005Metric","https://www.mouser.com/catalog/specsheets/Murata_GCM.pdf","81-GCM1555C2AR80BE2D"
"R65,R77","2","1k","","","","Resistor_SMD:R_0603_1608Metric","https://www.vishay.com/docs/20035/dcrcwe3.pdf","71-CRCW06031K00JNED"
"R52","1","1.5k","","","","Resistor_SMD:R_0402_1005Metric","https://www.mouser.es/datasheet/3/40/1/cr.pdf","652-CR0603-JW-152ELF"
"R59","1","2.2K","","","","Resistor_SMD:R_0603_1608Metric","https://www.vishay.com/docs/20035/dcrcwe3.pdf","71-CRCW06032K20JNEBC"
"R68,R75","2","2.7k","","","","Resistor_SMD:R_0603_1608Metric","https://www.mouser.es/datasheet/3/508/1/PYu-AR_51_RoHS_L_7.pdf","603-AR0603JR-072K7L"
"R20,R22,R24,R26,R28,R29,R32,R33","8","3k","","","","Resistor_SMD:R_0603_1608Metric","https://www.mouser.es/datasheet/3/508/1/PYu-AR_51_RoHS_L_7.pdf","603-AR0603JR-073KL"
"R21,R23,R25,R27,R30,R31,R34,R35","8","6.2k","","","","Resistor_SMD:R_0603_1608Metric","https://www.mouser.es/datasheet/3/508/1/PYu-AC_51_RoHS_L_11.pdf","603-AC0603JR-076K2L"
"R1,R2,R63,R67,R70,R71,R74,R76","8","10k","","","","Resistor_SMD:R_0603_1608Metric","https://www.vishay.com/docs/20037/rcae3.pdf","71-RCA060310K0JNEA"
"R55,R56,R58,R60","4","10K","","","","Resistor_SMD:R_0603_1608Metric","https://www.vishay.com/doc?20037","71-RCA060310K0JNEA"
"R53","1","11K","","","","Resistor_SMD:R_0603_1608Metric","https://www.koaspeer.com/pdfs/HV73V.pdf","660-HV73V1JTTD113J"
"R61","1","12K","","","","Resistor_SMD:R_0603_1608Metric","https://www.vishay.com/docs/20035/dcrcwe3.pdf","71-CRCW0603J-12K"
"R54","1","1M","","","","Resistor_SMD:R_0603_1608Metric","https://www.rohm.com/datasheet?p=SFR03EZPJ&dist=Mouser&media=referral&source=mouser.com&campaign=Mouser","755-SFR03EZPJ105"
"Y2","1","12MHz","","","","SamacSys_Parts:ABM3","https://www.mouser.es/datasheet/3/184/1/ABM3.pdf","815-ABM3-12-D2Y-T "
"Y1","1","25MHz","","","","SamacSys_Parts:ABM3","https://www.mouser.es/datasheet/3/184/1/ABM3.pdf","815-ABM325000B4YT"
"R4,R5,R6,R7,R12,R13,R14,R15","8","62M","","","","Resistor_SMD:R_1206_3216Metric","https://www.vishay.com/doc?20022","71-RCW120662M0JPEAHR"
"IC15","1","10M50SCE144C8G","","","","SamacSys_Parts:QFP50P2200X2200X165-145N","https://www.intel.com/content/dam/www/programmable/us/en/pdfs/literature/dp/max-10/10m50sc.pdf","989-10M50SCE144C8G"
"J6","1","73099-0","","","","SamacSys_Parts:730990","http://assets.edgenet.com/bc247afe-c6d3-4b5e-af4b-80e7f9cda64b","565-73099-0"
"IC8,IC13","2","AD7383-4BCPZ","","","","SamacSys_Parts:QFN50P400X400X60-25N-D","https://www.analog.com/media/en/technical-documentation/data-sheets/ad7383-4-ad7384-4.pdf","584-AD7383-4BCPZ"
"IC2","1","ADR4525ARZ-R7","","","","SamacSys_Parts:SOIC127P600X175-8N","https://www.analog.com/ADR4525/datasheet","584-ADR4525ARZ-R7"
"U2","1","AMS1117-1.8","","","","Package_TO_SOT_SMD:SOT-223-3_TabPin2","http://www.advanced-monolithic.com/pdf/ds1117.pdf",""
"U4","1","AMS1117-2.5","","","","Package_TO_SOT_SMD:SOT-223-3_TabPin2","http://www.advanced-monolithic.com/pdf/ds1117.pdf",""
"U1,U3,U5,U6","4","AMS1117-3.3","","","","Package_TO_SOT_SMD:SOT-223-3_TabPin2","http://www.advanced-monolithic.com/pdf/ds1117.pdf",""
"LED1","1","APT1608SGC","","","","SamacSys_Parts:LEDC1608X85N","https://www.mouser.co.il/datasheet/2/216/APT1608SGC-32861.pdf","604-APT1608SGC"
"J3","1","Conn_01x03_Pin","","","","Connector_PinHeader_2.54mm:PinHeader_1x03_P2.54mm_Vertical","~",""
"J8","1","Conn_01x04_Pin","","","","Connector_PinHeader_2.54mm:PinHeader_1x04_P2.54mm_Vertical","~",""
"J1","1","Conn_01x05_Pin","","","","Connector_PinHeader_2.54mm:PinHeader_1x05_P2.54mm_Vertical","~",""
"J9","1","Conn_02x05_Odd_Even","","","","Connector_PinHeader_2.54mm:PinHeader_2x05_P2.54mm_Vertical","~",""
"IC14","1","DAC80508ZCRTET","","","","Custom:QFN50P300X300X80-17N","http://www.ti.com/lit/gpn/DAC80508","595-DAC80508ZCRTET"
"IC16","1","DEL-DP83867IRPAPT","","","","SamacSys_Parts:QFP50P1200X1200X120-65N","http://www.ti.com/general/docs/lit/getliterature.tsp?genericPartNumber=DP83867IR&amp;&amp;fileType=pdf",""
"R73","1","DNP","DNP","","","Resistor_SMD:R_0603_1608Metric","~",""
"PS1","1","EN5335QI","","","","SamacSys_Parts:EN5335QI","https://media.digikey.com/pdf/Data%20Sheets/Enpirion%20PDFs/en5335qi_00846.pdf","884-EN5335QI"
"U9","1","FT2232HQ","","","","Package_DFN_QFN:QFN-64-1EP_9x9mm_P0.5mm_EP4.35x4.35mm","https://www.ftdichip.com/Support/Documents/DataSheets/ICs/DS_FT2232H.pdf",""
"IC17","1","M93C46-WMN6TP","","","","SamacSys_Parts:SOIC127P600X175-8N","http://www.st.com/st-web-ui/static/active/en/resource/technical/document/datasheet/CD00001142.pdf","511-M93C46-WMN6TP"
"Q1,Q2","2","MMBT3904","","","","Package_TO_SOT_SMD:SOT-23","https://www.onsemi.com/pdf/datasheet/pzt3904-d.pdf",""
"IC1,IC4,IC5,IC6,IC7,IC9,IC10,IC11,IC12","9","OPA827AIDR","","","","SamacSys_Parts:SOIC127P600X175-8N","http://www.ti.com/lit/gpn/OPA827","595-OPA827AIDR"
"IC18,IC19","2","OPA4317ID","","","","Custom:SOIC127P600X175-14N","http://www.ti.com/lit/gpn/OPA4317","595-OPA4317ID"
"J7","1","Screw_Terminal_01x02","","","","TerminalBlock_Phoenix:TerminalBlock_Phoenix_MKDS-1,5-2-5.08_1x02_P5.08mm_Horizontal","https://www.mouser.es/datasheet/3/507/7/phoenix_contact_1715721_en.pdf",""
"J4,J5","2","Screw_Terminal_01x09","","","","TerminalBlock_Phoenix:TerminalBlock_Phoenix_MKDS-1,5-9-5.08_1x09_P5.08mm_Horizontal","https://www.mouser.es/datasheet/3/507/9/phoenix_contact_1715815_en.pdf",""
"1.1V_ETH1,1.8VD1,1.25VCOM1,2.5VREF1,2.5V_ETH1,3.3VA_ADC1,3.3VCCA1,3.3VD1,3.3VD_ADC1,3.3V_USB1,ADC1AINB1,ADC1AINC1,ADC1AIND1,ADC1_AINA1,ADC1_CS1,ADC1_SCLK1,ADC1_SDOA1,ADC1_SDOB1,ADC1_SDOC1,ADC1_SDOD1,ADC2SDOD1,ADC2_AINA1,ADC2_AINB1,ADC2_AINC1,ADC2_AIND1,ADC2_CS1,ADC2_SCLK1,ADC2_SDOA1,ADC2_SDOB1,ADC2_SDOC1,DAC_CS1,DAC_OUT0,DAC_OUT1,DAC_OUT2,DAC_OUT3,DAC_OUT4,DAC_OUT5,DAC_OUT6,DAC_OUT7,DAC_SCLK1,DAC_SDI1,UART_RX1,UART_TX1","43","TestPoint","","","","TestPoint:TestPoint_Keystone_5000-5004_Miniature","https://www.keyelco.com/userAssets/file/M65p56.pdf",""
"IC3","1","TLV70311DBVR","","","","SamacSys_Parts:SOT95P280X145-5N","http://www.ti.com/lit/gpn/tlv703","595-TLV70311DBVR"
"J2","1","USB_A","","","","SamacSys_Parts:TECONN-4POS-USB","~",""
"T1","1","WE-RJ45_7499111221A","","","","SamacSys_Parts:7499111221A","https://www.we-online.com/components/products/datasheet/7499111221A.pdf","710-7499111221A "
