Ref,Val,Package,PosX,PosY,Rot,Side
"1.1V_ETH1","TestPoint","TestPoint_Keystone_5000-5004_Miniature",218.700000,-95.600000,90.000000,top
"1.8VD1","TestPoint","TestPoint_Keystone_5000-5004_Miniature",186.450000,-48.100000,0.000000,top
"1.25VCOM1","TestPoint","TestPoint_Keystone_5000-5004_Miniature",167.200000,-68.600000,0.000000,top
"2.5VREF1","TestPoint","TestPoint_Keystone_5000-5004_Miniature",138.400000,-140.400000,0.000000,top
"2.5V_ETH1","TestPoint","TestPoint_Keystone_5000-5004_Miniature",218.000000,-89.600000,-90.000000,top
"3.3VA_ADC1","TestPoint","TestPoint_Keystone_5000-5004_Miniature",167.200000,-73.600000,0.000000,top
"3.3VCCA1","TestPoint","TestPoint_Keystone_5000-5004_Miniature",186.200000,-63.100000,0.000000,top
"3.3VD1","TestPoint","TestPoint_Keystone_5000-5004_Miniature",154.450000,-77.600000,0.000000,top
"3.3VD_ADC1","TestPoint","TestPoint_Keystone_5000-5004_Miniature",173.600000,-44.600000,0.000000,top
"3.3V_USB1","TestPoint","TestPoint_Keystone_5000-5004_Miniature",186.200000,-56.600000,0.000000,top
"ADC1AINB1","TestPoint","TestPoint_Keystone_5000-5004_Miniature",154.200000,-112.600000,0.000000,top
"ADC1AINC1","TestPoint","TestPoint_Keystone_5000-5004_Miniature",137.700000,-106.100000,0.000000,top
"ADC1AIND1","TestPoint","TestPoint_Keystone_5000-5004_Miniature",133.400000,-140.600000,180.000000,top
"ADC1_AINA1","TestPoint","TestPoint_Keystone_5000-5004_Miniature",150.200000,-127.100000,0.000000,top
"ADC1_CS1","TestPoint","TestPoint_Keystone_5000-5004_Miniature",154.200000,-109.100000,0.000000,top
"ADC1_SCLK1","TestPoint","TestPoint_Keystone_5000-5004_Miniature",154.200000,-85.100000,0.000000,top
"ADC1_SDOA1","TestPoint","TestPoint_Keystone_5000-5004_Miniature",142.700000,-92.600000,0.000000,top
"ADC1_SDOB1","TestPoint","TestPoint_Keystone_5000-5004_Miniature",154.200000,-81.100000,0.000000,top
"ADC1_SDOC1","TestPoint","TestPoint_Keystone_5000-5004_Miniature",154.200000,-89.100000,0.000000,top
"ADC1_SDOD1","TestPoint","TestPoint_Keystone_5000-5004_Miniature",149.200000,-92.600000,0.000000,top
"ADC2SDOD1","TestPoint","TestPoint_Keystone_5000-5004_Miniature",178.200000,-110.100000,90.000000,top
"ADC2_AINA1","TestPoint","TestPoint_Keystone_5000-5004_Miniature",143.700000,-141.100000,180.000000,top
"ADC2_AINB1","TestPoint","TestPoint_Keystone_5000-5004_Miniature",126.800000,-141.600000,0.000000,top
"ADC2_AINC1","TestPoint","TestPoint_Keystone_5000-5004_Miniature",113.400000,-141.400000,0.000000,top
"ADC2_AIND1","TestPoint","TestPoint_Keystone_5000-5004_Miniature",120.400000,-140.600000,180.000000,top
"ADC2_CS1","TestPoint","TestPoint_Keystone_5000-5004_Miniature",183.210600,-110.100000,0.000000,top
"ADC2_SCLK1","TestPoint","TestPoint_Keystone_5000-5004_Miniature",154.200000,-127.100000,-90.000000,top
"ADC2_SDOA1","TestPoint","TestPoint_Keystone_5000-5004_Miniature",183.200000,-104.600000,0.000000,top
"ADC2_SDOB1","TestPoint","TestPoint_Keystone_5000-5004_Miniature",154.200000,-123.100000,0.000000,top
"ADC2_SDOC1","TestPoint","TestPoint_Keystone_5000-5004_Miniature",177.800000,-105.800000,0.000000,top
"C1","22uF","C_0805_2012Metric",168.875000,-55.075000,-90.000000,top
"C2","15nF","C_0402_1005Metric",156.975000,-57.945000,-90.000000,top
"C3","47µF","C_1206_3216Metric",168.725000,-59.100000,90.000000,top
"C4","0.1µF","C_0402_1005Metric",146.400000,-82.125000,-90.000000,top
"C5","10µF","C_0603_1608Metric",147.667000,-82.820000,-90.000000,top
"C6","10µF","C_0603_1608Metric",173.049800,-65.240700,180.000000,top
"C7","10µF","C_0603_1608Metric",197.500000,-81.775000,180.000000,top
"C8","22uF","CP_EIA-3528-21_Kemet-B",173.124800,-61.778200,90.000000,top
"C9","22uF","CP_EIA-3528-21_Kemet-B",197.425000,-78.387500,90.000000,top
"C10","0.1µF","C_0402_1005Metric",146.400000,-79.865000,90.000000,top
"C11","10µF","C_0603_1608Metric",147.667000,-79.720000,90.000000,top
"C12","10µF","C_0603_1608Metric",137.074000,-85.282500,180.000000,top
"C13","10µF","C_0603_1608Metric",146.850000,-137.550000,-90.000000,top
"C14","10µF","C_0603_1608Metric",205.700000,-92.825000,180.000000,top
"C15","0.1µF","C_0402_1005Metric",137.629000,-86.582500,180.000000,top
"C16","22uF","CP_EIA-3528-21_Kemet-B",143.387500,-137.575000,180.000000,top
"C17","22uF","CP_EIA-3528-21_Kemet-B",205.775000,-89.362500,90.000000,top
"C18","1µF","C_0603_1608Metric",192.025000,-88.025000,0.000000,top
"C19","10µF","C_0603_1608Metric",147.900000,-44.275000,90.000000,top
"C20","10µF","C_0603_1608Metric",147.624000,-89.282500,0.000000,top
"C21","0.1µF","C_0402_1005Metric",147.369000,-87.982500,0.000000,top
"C22","22uF","CP_EIA-3528-21_Kemet-B",151.362500,-44.350000,0.000000,top
"C23","1µF","C_0603_1608Metric",196.776000,-90.350000,-90.000000,top
"C24","10µF","C_0603_1608Metric",173.000000,-55.900000,180.000000,top
"C25","22uF","CP_EIA-3528-21_Kemet-B",173.075000,-52.462500,90.000000,top
"C26","800fF","C_0402_1005Metric",122.758000,-88.920000,-90.000000,top
"C27","800fF","C_0402_1005Metric",122.858000,-102.020000,-90.000000,top
"C28","800fF","C_0402_1005Metric",122.808000,-95.570000,-90.000000,top
"C29","800fF","C_0402_1005Metric",122.758000,-108.670000,-90.000000,top
"C30","0.1µF","C_0402_1005Metric",134.088000,-89.200000,0.000000,top
"C31","10µF","C_0603_1608Metric",134.583000,-87.800000,0.000000,top
"C32","0.1µF","C_0402_1005Metric",134.138000,-102.350000,0.000000,top
"C33","10µF","C_0603_1608Metric",134.683000,-100.950000,0.000000,top
"C34","0.1µF","C_0402_1005Metric",134.050000,-95.850000,0.000000,top
"C35","10µF","C_0603_1608Metric",134.605000,-94.500000,0.000000,top
"C36","0.1µF","C_0402_1005Metric",133.978000,-108.930000,0.000000,top
"C37","10µF","C_0603_1608Metric",134.583000,-107.580000,0.000000,top
"C38","0.1µF","C_0402_1005Metric",142.376900,-99.600000,180.000000,top
"C39","0.1µF","C_0402_1005Metric",141.623400,-107.510000,180.000000,top
"C40","1µF","C_0603_1608Metric",145.950800,-108.600000,0.000000,top
"C41","0.1µF","C_0402_1005Metric",140.476900,-99.650000,180.000000,top
"C42","0.1µF","C_0402_1005Metric",145.200000,-98.800000,0.000000,top
"C43","10µF","C_0603_1608Metric",139.817000,-98.349000,180.000000,top
"C44","10µF","C_0603_1608Metric",145.600000,-97.600000,0.000000,top
"C45","800fF","C_0402_1005Metric",122.708000,-115.420000,-90.000000,top
"C46","800fF","C_0402_1005Metric",122.708000,-128.330000,-90.000000,top
"C47","800fF","C_0402_1005Metric",122.708000,-121.930000,-90.000000,top
"C48","800fF","C_0402_1005Metric",122.758000,-134.920000,-90.000000,top
"C49","0.1µF","C_0402_1005Metric",134.078000,-115.700000,0.000000,top
"C50","10µF","C_0603_1608Metric",134.633000,-133.850000,0.000000,top
"C51","0.1µF","C_0402_1005Metric",134.038000,-128.620000,0.000000,top
"C52","10µF","C_0603_1608Metric",134.583000,-120.900000,0.000000,top
"C53","0.1µF","C_0402_1005Metric",133.988000,-122.250000,0.000000,top
"C54","10µF","C_0603_1608Metric",134.583000,-127.220000,0.000000,top
"C55","0.1µF","C_0402_1005Metric",134.038000,-135.200000,0.000000,top
"C56","10µF","C_0603_1608Metric",134.583000,-114.350000,0.000000,top
"C57","0.1µF","C_0402_1005Metric",142.620000,-113.420100,0.000000,top
"C58","0.1µF","C_0402_1005Metric",141.945000,-120.900000,180.000000,top
"C59","1µF","C_0603_1608Metric",145.450000,-122.325000,-90.000000,top
"C60","0.1µF","C_0402_1005Metric",140.520000,-113.421100,180.000000,top
"C61","0.1µF","C_0402_1005Metric",145.555000,-114.000000,0.000000,top
"C62","10µF","C_0603_1608Metric",146.150000,-112.750000,0.000000,top
"C63","10µF","C_0603_1608Metric",139.925000,-112.171100,180.000000,top
"C64","0.1µF","C_0402_1005Metric",135.400000,-43.600000,90.000000,top
"C65","0.1µF","C_0402_1005Metric",124.580000,-68.296000,90.000000,top
"C66","10µF","C_0603_1608Metric",146.425000,-61.200000,0.000000,top
"C67","10µF","C_0603_1608Metric",146.975000,-70.800000,180.000000,top
"C68","10nF","C_0402_1005Metric",138.800000,-54.320000,-90.000000,top
"C69","22nF","C_0402_1005Metric",140.400000,-54.000000,180.000000,top
"C70","10nF","C_0402_1005Metric",139.200000,-48.520000,-90.000000,top
"C71","22nF","C_0402_1005Metric",140.680000,-48.200000,180.000000,top
"C72","10nF","C_0402_1005Metric",129.400000,-48.720000,-90.000000,top
"C73","22nF","C_0402_1005Metric",127.920000,-48.400000,0.000000,top
"C74","10nF","C_0402_1005Metric",129.200000,-52.920000,-90.000000,top
"C75","22nF","C_0402_1005Metric",127.720000,-52.600000,0.000000,top
"C76","10nF","C_0402_1005Metric",128.260000,-73.576000,180.000000,top
"C77","10nF","C_0402_1005Metric",135.700000,-63.976000,0.000000,top
"C78","22nF","C_0402_1005Metric",128.580000,-74.976000,90.000000,top
"C79","22nF","C_0402_1005Metric",135.380000,-62.456000,-90.000000,top
"C80","10nF","C_0402_1005Metric",135.700000,-73.576000,0.000000,top
"C81","10nF","C_0402_1005Metric",128.200000,-63.720000,90.000000,top
"C82","22nF","C_0402_1005Metric",135.400000,-75.080000,90.000000,top
"C83","22nF","C_0402_1005Metric",127.880000,-62.200000,180.000000,top
"C84","0.1µF","C_0402_1005Metric",133.632000,-55.200000,180.000000,top
"C85","0.1µF","C_0402_1005Metric",137.380000,-68.656000,90.000000,top
"C86","10µF","C_0603_1608Metric",133.600000,-43.600000,90.000000,top
"C87","10µF","C_0603_1608Metric",125.980000,-68.401000,90.000000,top
"C88","0.1µF","C_0402_1005Metric",158.680000,-98.546100,0.000000,top
"C89","0.1µF","C_0402_1005Metric",161.720000,-101.600000,0.000000,top
"C90","0.1µF","C_0402_1005Metric",166.567700,-101.800000,90.000000,top
"C91","0.1µF","C_0402_1005Metric",158.680000,-96.566200,0.000000,top
"C92","0.1µF","C_0402_1005Metric",167.981900,-101.800000,90.000000,top
"C93","0.1µF","C_0402_1005Metric",177.739900,-101.920000,90.000000,top
"C94","0.1µF","C_0402_1005Metric",171.400000,-101.800000,90.000000,top
"C95","0.1µF","C_0402_1005Metric",158.680000,-97.556100,0.000000,top
"C96","0.1µF","C_0402_1005Metric",180.496700,-101.800000,90.000000,top
"C97","0.1µF","C_0402_1005Metric",184.170000,-98.000000,180.000000,top
"C98","0.1µF","C_0402_1005Metric",179.507700,-102.080000,90.000000,top
"C99","10µF","C_0603_1608Metric",184.825000,-85.100000,0.000000,top
"C100","0.1µF","C_0402_1005Metric",184.207000,-95.600000,180.000000,top
"C101","0.1µF","C_0402_1005Metric",184.260300,-87.092300,180.000000,top
"C102","0.1µF","C_0402_1005Metric",184.301100,-80.799000,180.000000,top
"C103","0.1µF","C_0402_1005Metric",184.301100,-79.809100,180.000000,top
"C104","0.1µF","C_0402_1005Metric",180.285500,-76.046400,-90.000000,top
"C105","0.1µF","C_0402_1005Metric",163.200000,-75.880000,-90.000000,top
"C106","0.1µF","C_0402_1005Metric",162.000000,-75.880000,-90.000000,top
"C107","0.1µF","C_0402_1005Metric",178.482400,-76.223200,-90.000000,top
"C108","0.1µF","C_0402_1005Metric",158.733800,-80.940400,0.000000,top
"C109","0.1µF","C_0402_1005Metric",173.568000,-76.117100,-90.000000,top
"C110","0.1µF","C_0402_1005Metric",158.733800,-79.950500,0.000000,top
"C111","0.1µF","C_0402_1005Metric",158.680000,-82.107200,0.000000,top
"C112","0.1µF","C_0402_1005Metric",158.280000,-95.274600,0.000000,top
"C113","0.1µF","C_0402_1005Metric",158.680000,-91.314900,0.000000,top
"C114","10µF","C_0603_1608Metric",184.865000,-82.030000,0.000000,top
"C115","0.1µF","C_0402_1005Metric",164.400000,-76.080000,-90.000000,top
"C116","0.1µF","C_0402_1005Metric",177.492500,-76.223200,-90.000000,top
"C117","0.1µF","C_0402_1005Metric",184.290000,-83.800000,180.000000,top
"C118","0.1µF","C_0402_1005Metric",158.733800,-84.122400,0.000000,top
"C119","10µF","C_0603_1608Metric",160.600000,-75.400000,90.000000,top
"C120","10µF","C_0603_1608Metric",172.310000,-75.545000,90.000000,top
"C121","33pF","C_0402_1005Metric",178.705000,-119.375000,180.000000,top
"C122","33pF","C_0402_1005Metric",180.555000,-119.350000,0.000000,top
"C123","0.1µF","C_0402_1005Metric",183.528800,-125.581400,180.000000,top
"C124","0.1µF","C_0402_1005Metric",179.805000,-134.512500,180.000000,top
"C125","0.1µF","C_0402_1005Metric",176.355000,-134.512500,180.000000,top
"C126","0.1µF","C_0402_1005Metric",183.528800,-129.581400,180.000000,top
"C127","0.1µF","C_0402_1005Metric",167.068800,-127.381400,0.000000,top
"C128","0.1µF","C_0402_1005Metric",183.528800,-127.581400,180.000000,top
"C129","0.1µF","C_0402_1005Metric",175.974800,-119.211400,-90.000000,top
"C130","0.1µF","C_0402_1005Metric",167.068800,-128.331400,0.000000,top
"C131","0.1µF","C_0402_1005Metric",174.495000,-134.512500,0.000000,top
"C132","0.1µF","C_0402_1005Metric",172.045000,-120.062500,0.000000,top
"C133","0.1µF","C_0402_1005Metric",182.844800,-120.131400,180.000000,top
"C134","27pF","C_0402_1005Metric",199.550300,-63.669700,0.000000,top
"C135","10nF","C_0402_1005Metric",201.721300,-47.539600,90.000000,top
"C136","27pF","C_0402_1005Metric",202.700300,-63.669700,180.000000,top
"C137","0.1µF","C_0402_1005Metric",201.302300,-52.710600,180.000000,top
"C138","4.7µF","CP_EIA-3216-12_Kemet-S",191.025000,-57.200000,180.000000,top
"C139","0.1µF","C_0402_1005Metric",189.241300,-51.409600,0.000000,top
"C140","4.7µF","CP_EIA-3216-12_Kemet-S",191.018700,-59.400000,180.000000,top
"C141","0.1µF","C_0402_1005Metric",201.351300,-50.059600,180.000000,top
"C142","0.1µF","C_0402_1005Metric",194.880000,-71.400000,0.000000,top
"C143","0.1µF","C_0402_1005Metric",197.070000,-45.050000,0.000000,top
"C144","0.1µF","C_0402_1005Metric",194.411300,-56.260600,0.000000,top
"C145","0.1µF","C_0402_1005Metric",191.505000,-45.050000,0.000000,top
"C146","0.1µF","C_0402_1005Metric",201.301300,-48.909600,180.000000,top
"C147","0.1µF","C_0402_1005Metric",199.541300,-56.259600,180.000000,top
"C148","0.1µF","C_0402_1005Metric",189.240300,-48.700000,0.000000,top
"C149","0.1µF","C_0402_1005Metric",190.630000,-138.275000,0.000000,top
"C150","0.1µF","C_0402_1005Metric",193.105000,-138.275000,0.000000,top
"C151","0.1µF","C_0402_1005Metric",192.628800,-117.231400,0.000000,top
"C152","0.1µF","C_0402_1005Metric",190.130000,-117.250000,0.000000,top
"C153","0.1µF","C_0402_1005Metric",207.136300,-63.835600,0.000000,top
"C154","4.7µF","CP_EIA-3216-12_Kemet-S",206.852500,-65.600000,180.000000,top
"DAC_CS1","TestPoint","TestPoint_Keystone_5000-5004_Miniature",178.700000,-70.100000,0.000000,top
"DAC_OUT0","TestPoint","TestPoint_Keystone_5000-5004_Miniature",151.600000,-59.000000,0.000000,top
"DAC_OUT1","TestPoint","TestPoint_Keystone_5000-5004_Miniature",149.200000,-75.200000,0.000000,top
"DAC_OUT2","TestPoint","TestPoint_Keystone_5000-5004_Miniature",124.000000,-44.600000,0.000000,top
"DAC_OUT3","TestPoint","TestPoint_Keystone_5000-5004_Miniature",153.400000,-66.000000,0.000000,top
"DAC_OUT4","TestPoint","TestPoint_Keystone_5000-5004_Miniature",125.200000,-84.000000,0.000000,top
"DAC_OUT5","TestPoint","TestPoint_Keystone_5000-5004_Miniature",141.600000,-75.200000,0.000000,top
"DAC_OUT6","TestPoint","TestPoint_Keystone_5000-5004_Miniature",140.800000,-59.200000,0.000000,top
"DAC_OUT7","TestPoint","TestPoint_Keystone_5000-5004_Miniature",124.200000,-57.800000,0.000000,top
"DAC_SCLK1","TestPoint","TestPoint_Keystone_5000-5004_Miniature",161.600000,-68.400000,0.000000,top
"DAC_SDI1","TestPoint","TestPoint_Keystone_5000-5004_Miniature",154.700000,-73.600000,0.000000,top
"IC1","OPA827AIDR","SOIC127P600X175-8N",142.156000,-81.010000,0.000000,top
"IC2","ADR4525ARZ-R7","SOIC127P600X175-8N",142.337000,-87.247500,0.000000,top
"IC3","TLV70311DBVR","SOT95P280X145-5N",193.826000,-90.575000,0.000000,top
"IC4","OPA827AIDR","SOIC127P600X175-8N",129.319000,-89.815000,0.000000,top
"IC5","OPA827AIDR","SOIC127P600X175-8N",129.419000,-102.985000,0.000000,top
"IC6","OPA827AIDR","SOIC127P600X175-8N",129.319000,-96.485000,0.000000,top
"IC7","OPA827AIDR","SOIC127P600X175-8N",129.319000,-109.565000,0.000000,top
"IC8","AD7383-4BCPZ","QFN50P400X400X60-25N-D",143.475000,-103.500000,-90.000000,top
"IC9","OPA827AIDR","SOIC127P600X175-8N",129.319000,-116.335000,0.000000,top
"IC10","OPA827AIDR","SOIC127P600X175-8N",129.297000,-129.235000,0.000000,top
"IC11","OPA827AIDR","SOIC127P600X175-8N",129.269000,-122.885000,0.000000,top
"IC12","OPA827AIDR","SOIC127P600X175-8N",129.319000,-135.835000,0.000000,top
"IC13","AD7383-4BCPZ","QFN50P400X400X60-25N-D",143.675000,-117.150000,-90.000000,top
"IC14","DAC80508ZCRTET","QFN50P300X300X80-17N",146.750000,-65.765000,90.000000,top
"IC15","10M50SCE144C8G","QFP50P2200X2200X165-145N",171.368500,-89.112900,0.000000,top
"IC16","DEL-DP83867IRPAPT","QFP50P1200X1200X120-65N",175.248800,-127.331400,180.000000,top
"IC17","M93C46-WMN6TP","SOIC127P600X175-8N",193.415000,-67.188000,-90.000000,top
"IC18","OPA4317ID","SOIC127P600X175-14N",134.112000,-49.810000,180.000000,top
"IC19","OPA4317ID","SOIC127P600X175-14N",131.790000,-68.688000,90.000000,top
"J1","Conn_01x05_Pin","PinHeader_1x05_P2.54mm_Vertical",196.510000,-114.931400,-90.000000,top
"J2","USB_A","TECONN-4POS-USB",207.041300,-54.660600,90.000000,top
"J3","Conn_01x03_Pin","PinHeader_1x03_P2.54mm_Vertical",217.700000,-75.520000,0.000000,top
"J4","Screw_Terminal_01x09","TerminalBlock_Phoenix_MKDS-1,5-9-5.08_1x09_P5.08mm_Horizontal",115.700000,-46.200000,-90.000000,top
"J5","Screw_Terminal_01x09","TerminalBlock_Phoenix_MKDS-1,5-9-5.08_1x09_P5.08mm_Horizontal",115.700000,-93.170000,-90.000000,top
"J6","73099-0","730990",188.825000,-100.645000,0.000000,top
"J7","Screw_Terminal_01x02","TerminalBlock_Phoenix_MKDS-1,5-2-5.08_1x02_P5.08mm_Horizontal",214.941300,-68.860600,90.000000,top
"J8","Conn_01x04_Pin","PinHeader_1x04_P2.54mm_Vertical",166.550000,-44.200000,-90.000000,top
"J9","Conn_02x05_Odd_Even","PinHeader_2x05_P2.54mm_Vertical",162.840000,-137.900000,-90.000000,top
"LED1","APT1608SGC","LEDC1608X85N",156.475000,-55.225000,-90.000000,top
"PS1","EN5335QI","EN5335QI",162.475000,-58.125000,90.000000,top
"Q1","MMBT3904","SOT-23",170.812500,-137.350000,-90.000000,top
"Q2","MMBT3904","SOT-23",177.225000,-137.362500,-90.000000,top
"R1","10k","R_0603_1608Metric",137.667000,-82.470000,90.000000,top
"R2","10k","R_0603_1608Metric",135.450000,-81.700000,180.000000,top
"R3","240Ω","R_0603_1608Metric",155.950000,-52.675000,0.000000,top
"R4","62M","R_1206_3216Metric",124.408000,-90.262500,-90.000000,top
"R5","62M","R_1206_3216Metric",124.508000,-103.412500,-90.000000,top
"R6","62M","R_1206_3216Metric",124.430000,-96.937500,-90.000000,top
"R7","62M","R_1206_3216Metric",124.408000,-110.037500,-90.000000,top
"R8","100","R_0603_1608Metric",148.200000,-106.250000,0.000000,top
"R9","100","R_0603_1608Metric",148.200000,-104.700000,0.000000,top
"R10","100","R_0603_1608Metric",148.150000,-102.100000,0.000000,top
"R11","100","R_0603_1608Metric",148.200000,-100.600000,0.000000,top
"R12","62M","R_1206_3216Metric",124.358000,-116.787500,-90.000000,top
"R13","62M","R_1206_3216Metric",124.358000,-129.662500,-90.000000,top
"R14","62M","R_1206_3216Metric",124.358000,-123.312500,-90.000000,top
"R15","62M","R_1206_3216Metric",124.408000,-136.312500,-90.000000,top
"R16","100","R_0603_1608Metric",148.400000,-119.949000,0.000000,top
"R17","100","R_0603_1608Metric",148.400000,-118.450000,0.000000,top
"R18","100","R_0603_1608Metric",148.400000,-115.900000,0.000000,top
"R19","100","R_0603_1608Metric",148.400000,-114.400000,0.000000,top
"R20","3k","R_0603_1608Metric",142.200000,-53.425000,90.000000,top
"R21","6.2k","R_0603_1608Metric",139.825000,-52.600000,180.000000,top
"R22","3k","R_0603_1608Metric",142.400000,-47.575000,90.000000,top
"R23","6.2k","R_0603_1608Metric",140.175000,-46.800000,180.000000,top
"R24","3k","R_0603_1608Metric",126.000000,-47.825000,90.000000,top
"R25","6.2k","R_0603_1608Metric",128.375000,-47.000000,0.000000,top
"R26","3k","R_0603_1608Metric",126.000000,-52.000000,90.000000,top
"R27","6.2k","R_0603_1608Metric",128.375000,-51.200000,0.000000,top
"R28","3k","R_0603_1608Metric",129.205000,-76.776000,0.000000,top
"R29","3k","R_0603_1608Metric",134.780000,-60.776000,180.000000,top
"R30","6.2k","R_0603_1608Metric",129.980000,-74.401000,90.000000,top
"R31","6.2k","R_0603_1608Metric",133.980000,-63.176000,-90.000000,top
"R32","3k","R_0603_1608Metric",134.605000,-76.976000,180.000000,top
"R33","3k","R_0603_1608Metric",128.805000,-60.976000,0.000000,top
"R34","6.2k","R_0603_1608Metric",133.980000,-74.601000,90.000000,top
"R35","6.2k","R_0603_1608Metric",129.580000,-63.201000,-90.000000,top
"R52","1.5k","R_0402_1005Metric",173.800000,-117.090000,0.000000,top
"R53","11K","R_0603_1608Metric",182.737800,-122.106400,90.000000,top
"R54","1M","R_0603_1608Metric",180.450000,-112.806100,0.000000,top
"R55","10K","R_0603_1608Metric",190.675000,-61.200000,0.000000,top
"R56","10K","R_0603_1608Metric",192.980000,-61.951000,-90.000000,top
"R57","0","R_0603_1608Metric",205.171300,-55.484600,-90.000000,top
"R58","10K","R_0603_1608Metric",198.506300,-57.660600,180.000000,top
"R59","2.2K","R_0603_1608Metric",190.675000,-62.700000,180.000000,top
"R60","10K","R_0603_1608Metric",203.700000,-47.375000,180.000000,top
"R61","12K","R_0603_1608Metric",203.650000,-55.486600,-90.000000,top
"R63","10k","R_0603_1608Metric",156.700000,-130.275000,90.000000,top
"R65","1k","R_0603_1608Metric",155.200000,-130.275000,90.000000,top
"R66","200","R_0603_1608Metric",184.225000,-122.087500,-90.000000,top
"R67","10k","R_0603_1608Metric",173.250000,-136.912500,90.000000,top
"R68","2.7k","R_0603_1608Metric",174.798600,-136.913900,-90.000000,top
"R69","200","R_0603_1608Metric",182.725000,-132.587500,-90.000000,top
"R70","10k","R_0603_1608Metric",158.850000,-47.525000,90.000000,top
"R71","10k","R_0603_1608Metric",161.400000,-47.525000,90.000000,top
"R72","0","R_0603_1608Metric",184.175000,-136.912500,-90.000000,top
"R73","DNP","R_0603_1608Metric",179.675000,-136.900000,-90.000000,top
"R74","10k","R_0603_1608Metric",182.675000,-136.912500,-90.000000,top
"R75","2.7k","R_0603_1608Metric",181.175000,-136.912500,90.000000,top
"R76","10k","R_0603_1608Metric",163.700000,-47.600000,-90.000000,top
"R77","1k","R_0603_1608Metric",173.525000,-48.100000,0.000000,top
"T1","WE-RJ45_7499111221A","7499111221A",192.655000,-122.875000,90.000000,top
"U1","AMS1117-3.3","SOT-223-3_TabPin2",179.374800,-62.940700,0.000000,top
"U2","AMS1117-1.8","SOT-223-3_TabPin2",203.575000,-79.525000,0.000000,top
"U3","AMS1117-3.3","SOT-223-3_TabPin2",144.550000,-131.425000,90.000000,top
"U4","AMS1117-2.5","SOT-223-3_TabPin2",211.925000,-90.525000,0.000000,top
"U5","AMS1117-3.3","SOT-223-3_TabPin2",150.200000,-50.500000,-90.000000,top
"U6","AMS1117-3.3","SOT-223-3_TabPin2",179.225000,-53.600000,0.000000,top
"U9","FT2232HQ","QFN-64-1EP_9x9mm_P0.5mm_EP4.35x4.35mm",195.271300,-50.659600,180.000000,top
"UART_RX1","TestPoint","TestPoint_Keystone_5000-5004_Miniature",212.200000,-80.600000,0.000000,top
"UART_TX1","TestPoint","TestPoint_Keystone_5000-5004_Miniature",211.700000,-75.600000,0.000000,top
"Y1","25MHz","ABM3",180.474100,-116.224300,180.000000,top
"Y2","12MHz","ABM3",201.130300,-60.769700,0.000000,top
